{
    "loss": 18.246835708618164,
    "accuracy": 0.5467625856399536
}