{
    "loss": 7.150609493255615,
    "accuracy": 0.5035971403121948
}