{
    "loss": 9.22093677520752,
    "accuracy": 0.5035971403121948
}